date,후드집업,후드티,플리스
2022-01-01,4.57526,12.71107,9.4113
2022-01-02,5.70875,15.51252,11.29615
2022-01-03,5.35243,12.94087,11.03279
2022-01-04,4.79731,12.99767,10.79008
2022-01-05,4.86444,12.88665,10.29176
2022-01-06,5.05551,12.41931,10.49832
2022-01-07,4.75858,11.80738,9.69016
2022-01-08,5.13813,12.8221,10.16524
2022-01-09,5.60289,15.15879,10.77201
2022-01-10,5.20526,13.0648,10.29434
2022-01-11,5.26207,13.55021,11.14381
2022-01-12,5.10457,12.96411,10.57319
2022-01-13,5.32662,12.8221,10.57319
2022-01-14,4.55977,10.97598,9.24864
2022-01-15,5.0994,12.46837,9.10405
2022-01-16,5.58739,15.13555,10.89852
2022-01-17,5.46862,14.13632,10.1859
2022-01-18,5.53834,13.32558,9.78053
2022-01-19,5.34211,12.69042,9.13245
2022-01-20,5.05809,12.01652,9.14794
2022-01-21,4.69661,11.1593,9.60753
2022-01-22,5.26981,12.92279,8.93622
2022-01-23,6.12961,15.30854,10.11102
2022-01-24,5.68809,13.21456,9.52749
2022-01-25,5.16911,12.2205,8.55925
2022-01-26,5.33953,10.61451,7.9938
2022-01-27,4.77407,9.88381,7.44384
2022-01-28,4.44874,9.22798,7.31732
2022-01-29,4.68628,10.20139,7.30441
2022-01-30,4.70694,10.79524,7.42318
2022-01-31,4.74567,9.91737,6.5608
2022-02-01,5.99018,11.9184,7.77691
2022-02-02,7.02814,13.21198,8.3656
2022-02-03,6.70023,12.40382,8.63671
2022-02-04,6.35166,11.66279,8.31138
2022-02-05,6.94552,13.4805,8.62122
2022-02-06,7.10302,14.14149,9.39065
2022-02-07,6.56338,12.4916,8.96204
2022-02-08,6.09346,12.04234,8.40691
2022-02-09,6.49625,11.51303,8.18745
2022-02-10,6.72863,11.34262,8.40691
2022-02-11,6.52207,10.77717,8.72192
2022-02-12,7.97572,11.91324,8.47921
2022-02-13,8.94913,13.23005,9.40098
2022-02-14,7.63232,11.92357,8.88974
2022-02-15,7.33798,11.45881,8.34753
2022-02-16,7.02556,11.43816,8.27265
2022-02-17,6.81642,10.63258,7.86728
2022-02-18,6.68215,10.72295,7.0333
2022-02-19,7.91117,12.41156,7.9938
2022-02-20,9.63594,14.55977,9.30286
2022-02-21,9.17376,12.26181,8.77356
2022-02-22,8.97753,12.205,8.19519
2022-02-23,9.23057,11.9184,7.56003
2022-02-24,9.06532,11.59049,8.00929
2022-02-25,9.03692,10.74877,7.66847
2022-02-26,11.03795,12.0475,8.73741
2022-02-27,12.70849,13.77743,9.56106
2022-02-28,12.71882,11.80996,10.2427
2022-03-01,16.2742,14.1544,14.59075
2022-03-02,15.08907,11.87193,12.85824
2022-03-03,15.46088,11.68861,11.05602
2022-03-04,15.071,11.12832,9.35192
2022-03-05,17.50839,13.78001,9.81151
2022-03-06,18.46114,15.39116,10.41311
2022-03-07,15.9592,11.69894,9.8554
2022-03-08,14.78956,11.37877,8.73999
2022-03-09,17.29408,12.54583,8.60056
2022-03-10,16.83707,11.87967,8.25458
2022-03-11,17.35347,12.22824,7.95765
2022-03-12,21.06119,14.70952,6.85515
2022-03-13,23.00025,16.66666,6.72863
2022-03-14,19.53008,12.90988,6.85773
2022-03-15,19.33126,12.47095,6.67441
2022-03-16,19.86315,12.6491,6.38781
2022-03-17,18.92073,11.59824,6.07281
2022-03-18,15.08133,10.41569,6.07797
2022-03-19,17.88277,12.6207,6.41105
2022-03-20,18.76581,14.24993,6.6899
2022-03-21,15.8017,11.70668,6.78801
2022-03-22,15.10457,11.66795,6.59953
2022-03-23,16.60728,12.19209,6.97134
2022-03-24,14.87477,11.27807,6.1735
2022-03-25,14.07177,10.36922,5.11489
2022-03-26,16.90679,12.69558,5.21817
2022-03-27,19.51458,14.53653,5.60805
2022-03-28,17.49289,11.63439,5.44022
2022-03-29,17.5213,11.39684,4.92383
2022-03-30,17.36121,11.4898,4.61399
2022-03-31,15.92305,10.26594,4.30932
2022-04-01,14.58559,9.56364,4.44616
2022-04-02,17.40253,11.34779,4.17764
2022-04-03,18.24425,13.16034,4.20345
2022-04-04,18.06868,13.94526,4.01755
2022-04-05,17.28634,13.31009,3.9246
2022-04-06,16.83449,12.29537,3.5812
2022-04-07,15.45313,10.41828,3.3798
2022-04-08,12.59488,9.13761,3.02091
2022-04-09,12.81435,9.87864,2.48386
2022-04-10,13.17583,9.94577,1.84095
2022-04-11,11.71443,6.75445,2.21017
2022-04-12,9.72889,5.57449,1.81771
2022-04-13,9.5404,5.77846,2.59746
2022-04-14,9.63335,5.8869,2.94603
2022-04-15,8.20036,5.42215,2.12496
2022-04-16,9.78569,6.96359,2.13529
2022-04-17,10.73586,7.03072,1.97521
2022-04-18,10.50864,6.44461,1.98812
2022-04-19,10.11102,6.04441,1.82287
2022-04-20,9.59462,5.9876,1.59566
2022-04-21,8.95429,5.59256,1.63439
2022-04-22,8.38368,5.34211,1.7609
2022-04-23,7.98347,5.65194,1.50529
2022-04-24,8.19519,5.83785,1.36328
2022-04-25,6.78285,4.05112,1.33488
2022-04-26,5.58481,4.0537,1.31164
2022-04-27,5.97211,3.89878,1.28582
2022-04-28,5.64162,3.92977,1.29615
2022-04-29,6.47301,3.92718,2.12238
2022-04-30,7.61683,4.66305,1.7325
2022-05-01,8.39659,5.28789,1.53885
2022-05-02,8.17454,4.8851,1.82029
2022-05-03,7.15724,4.6269,1.82804
2022-05-04,5.7733,4.08985,1.58533
2022-05-05,6.04957,4.2835,1.39943
2022-05-06,4.31448,3.64575,1.3168
2022-05-07,3.9969,3.45468,1.16963
2022-05-08,5.8017,4.02788,1.32713
2022-05-09,5.63387,3.31525,1.3323
2022-05-10,5.15879,3.638,1.30131
2022-05-11,4.78698,3.54763,1.13607
2022-05-12,3.96333,2.84017,1.04311
2022-05-13,3.75419,2.96669,1.26775
2022-05-14,4.56235,3.25329,1.27033
2022-05-15,5.6003,3.5812,1.12832
2022-05-16,5.55641,3.14484,1.42008
2022-05-17,5.24916,3.26361,1.85127
2022-05-18,5.04776,3.5812,1.6757
2022-05-19,4.29899,3.30751,1.64471
2022-05-20,3.6819,2.87632,1.34262
2022-05-21,3.85489,3.12419,1.44074
2022-05-22,3.91686,3.29718,1.20578
2022-05-23,3.78001,2.69042,1.43299
2022-05-24,3.40046,2.58972,1.62148
2022-05-25,3.30493,2.52517,1.66795
2022-05-26,3.51148,2.65169,1.55435
2022-05-27,3.30751,2.6491,1.49754
2022-05-28,3.21198,2.63361,1.31164
2022-05-29,3.27911,3.15001,1.28324
2022-05-30,3.45726,3.57345,1.29098
2022-05-31,3.07771,2.7782,1.33488
2022-06-01,3.18874,3.73353,1.35553
2022-06-02,3.25071,2.79111,1.30131
2022-06-03,2.71107,2.65685,1.3168
2022-06-04,2.72915,2.57681,1.12832
2022-06-05,3.01316,2.81693,1.25484
2022-06-06,3.49341,2.86341,1.43816
2022-06-07,3.74644,2.47353,1.63439
2022-06-08,3.58636,2.52001,1.51045
2022-06-09,3.17841,2.42189,1.4175
2022-06-10,3.14226,2.69558,1.39684
2022-06-11,3.30493,2.63878,1.20061
2022-06-12,3.42628,2.80402,1.33746
2022-06-13,3.28427,2.48128,1.44848
2022-06-14,4.03046,2.87632,1.67312
2022-06-15,4.57784,2.98218,1.51303
2022-06-16,3.91169,2.81693,1.58533
2022-06-17,3.13968,2.54324,1.40975
2022-06-18,3.35915,2.77046,1.24193
2022-06-19,3.72063,3.05706,1.2316
2022-06-20,2.9796,2.45804,1.53627
2022-06-21,2.84533,2.66201,1.40975
2022-06-22,2.64136,2.57164,1.24451
2022-06-23,2.88148,2.5355,1.38135
2022-06-24,2.42189,2.30054,1.27291
2022-06-25,2.84275,2.49935,1.06635
2022-06-26,2.67492,2.62845,1.11799
2022-06-27,2.56132,2.29796,1.27549
2022-06-28,2.73173,2.5923,1.36328
2022-06-29,2.54066,2.54841,1.35553
2022-06-30,2.61554,2.4348,1.24193
2022-07-01,2.43738,2.17144,1.16189
2022-07-02,2.5923,2.49935,1.21869
2022-07-03,2.31861,2.57681,1.1877
2022-07-04,2.27214,2.18951,1.2884
2022-07-05,1.98554,2.21275,1.19029
2022-07-06,1.9339,2.23599,1.36328
2022-07-07,2.13013,2.205,1.30389
2022-07-08,2.05009,2.30054,1.19545
2022-07-09,2.16111,2.40123,0.99406
2022-07-10,2.42964,2.51484,1.1877
2022-07-11,2.0914,2.50968,1.36586
2022-07-12,2.07332,2.37283,1.31422
2022-07-13,2.40123,2.37283,1.37103
2022-07-14,2.04492,2.45029,1.29615
2022-07-15,2.02943,2.2489,1.14898
2022-07-16,2.12754,2.37025,1.09734
2022-07-17,2.41414,2.78337,1.5466
2022-07-18,2.29796,2.51742,1.35037
2022-07-19,2.22824,2.54324,1.42008
2022-07-20,2.45546,2.73173,1.62922
2022-07-21,2.51226,2.83759,1.71185
2022-07-22,2.52517,3.0364,1.56984
2022-07-23,2.52001,3.02349,1.58791
2022-07-24,2.68009,3.19132,1.5466
2022-07-25,2.35734,2.87115,1.64213
2022-07-26,2.41156,2.82468,1.59308
2022-07-27,2.49677,2.9796,1.61631
2022-07-28,2.61037,2.97702,1.66537
2022-07-29,2.2773,2.86083,1.50271
2022-07-30,2.24632,2.86857,1.48463
2022-07-31,2.46837,3.06997,1.64471
2022-08-01,2.57423,3.47534,1.65762
2022-08-02,2.68783,3.40821,1.97263
2022-08-03,2.71624,3.41079,1.87709
2022-08-04,2.6207,3.35915,1.69377
2022-08-05,2.47611,3.13968,1.77898
2022-08-06,2.47353,3.48308,1.82029
2022-08-07,2.86599,3.72063,1.79963
2022-08-08,3.1655,3.68706,1.9907
2022-08-09,3.06222,4.12083,2.46837
2022-08-10,3.99431,4.38678,2.30828
2022-08-11,4.64239,4.45907,2.55099
2022-08-12,3.92202,4.24218,2.24115
2022-08-13,4.19829,4.45132,2.15595
2022-08-14,4.35579,5.29821,2.24115
2022-08-15,4.69145,5.9592,2.26697
2022-08-16,5.14588,5.54092,2.41414
2022-08-17,5.34469,5.9024,2.50968
2022-08-18,5.49703,5.78879,2.5923
2022-08-19,5.35502,6.09088,2.47611
2022-08-20,5.47895,6.58662,2.49677
2022-08-21,7.11593,7.46191,2.89956
2022-08-22,6.59695,6.85515,2.90214
2022-08-23,7.31732,7.38445,2.86599
2022-08-24,10.34082,8.73741,3.44177
2022-08-25,12.86083,10.68164,3.96333
2022-08-26,14.8128,10.7875,3.61735
2022-08-27,18.03769,13.59153,4.59075
2022-08-28,22.08107,16.4317,5.36793
2022-08-29,27.46449,17.1056,6.39814
2022-08-30,31.62922,19.1402,7.20888
2022-08-31,26.23805,17.69945,5.88432
2022-09-01,22.01136,16.10379,5.01936
2022-09-02,16.28195,13.2946,4.13632
2022-09-03,17.89052,15.63903,4.01497
2022-09-04,20.03098,18.27265,4.65788
2022-09-05,17.90601,16.60469,5.61063
2022-09-06,17.06687,16.87838,5.54092
2022-09-07,14.11567,13.82649,4.79215
2022-09-08,11.76607,11.98295,4.13891
2022-09-09,12.38574,13.34366,3.953
2022-09-10,13.3514,15.06584,4.02013
2022-09-11,14.91608,16.11412,4.50813
2022-09-12,16.30777,17.44384,5.54608
2022-09-13,13.75935,15.49186,5.26207
2022-09-14,13.76452,14.51071,4.71985
2022-09-15,11.67053,13.18874,4.22153
2022-09-16,10.03356,11.74283,3.96591
2022-09-17,10.88303,12.47095,4.01755
2022-09-18,12.25664,14.19054,4.3403
2022-09-19,12.68009,14.1544,5.26207
2022-09-20,18.50503,17.33023,8.03511
2022-09-21,24.08727,19.73922,9.8993
2022-09-22,28.1229,19.42163,10.19106
2022-09-23,25.18461,18.72192,12.29021
2022-09-24,26.06506,21.71443,13.36431
2022-09-25,29.14794,25.72682,15.31371
2022-09-26,24.441,22.88665,13.47017
2022-09-27,20.18848,20.38471,10.75135
2022-09-28,17.84921,19.20475,9.27188
2022-09-29,16.31551,18.52052,9.13503
2022-09-30,13.36431,15.58998,7.90343
2022-10-01,14.07436,17.89052,8.07384
2022-10-02,16.22256,21.19545,10.24528
2022-10-03,19.0679,23.3798,11.88226
2022-10-04,21.05344,22.39865,15.24399
2022-10-05,25.30338,23.35657,21.16447
2022-10-06,25.70358,23.71546,30.7152
2022-10-07,24.58817,22.57939,37.15724
2022-10-08,22.17918,24.73534,34.1544
2022-10-09,27.2063,30.00774,47.09527
2022-10-10,38.66511,38.01187,85.50994
2022-10-11,37.49289,33.91944,100.0
2022-10-12,29.45778,29.04983,73.41853
2022-10-13,21.65246,23.92977,46.81642
2022-10-14,15.83785,20.29692,32.55615
2022-10-15,16.91453,22.38574,27.65556
2022-10-16,18.51536,24.60108,30.06971
2022-10-17,23.32816,26.79576,52.92796
2022-10-18,24.70178,28.37851,81.92615
2022-10-19,21.43557,25.11489,70.71778
2022-10-20,18.36302,22.23082,50.99664
2022-10-21,13.25587,18.4947,34.99096
2022-10-22,13.12161,19.61786,29.04466
2022-10-23,15.69067,24.77149,33.87296
2022-10-24,17.34314,23.52956,42.96669
2022-10-25,16.48334,23.47534,54.13116
2022-10-26,15.02452,21.16447,49.36999
2022-10-27,12.47611,18.64187,39.89155
2022-10-28,10.1136,16.03408,30.80041
2022-10-29,10.49573,17.90601,29.18409
2022-10-30,11.3607,19.16602,23.30493
2022-10-31,11.2316,18.10224,22.78595
2022-11-01,11.88484,19.72631,24.26542
2022-11-02,13.20165,20.72037,26.27162
2022-11-03,12.39607,19.7134,30.92434
2022-11-04,12.34959,19.21249,38.48954
2022-11-05,11.65246,20.42602,35.27756
2022-11-06,13.15775,23.7103,35.88432
2022-11-07,11.87967,20.83656,34.41001
2022-11-08,11.42008,19.45262,27.52904
2022-11-09,9.90704,18.05577,24.58559
2022-11-10,8.82003,16.80867,21.48205
2022-11-11,7.17015,14.53653,16.75961
2022-11-12,8.19777,16.62019,16.40072
2022-11-13,10.08262,20.81074,21.9184
2022-11-14,9.00335,18.78647,23.22747
2022-11-15,9.33901,18.71933,25.14071
2022-11-16,8.76323,17.04879,23.34366
2022-11-17,7.80531,15.50477,20.49057
2022-11-18,6.504,13.63284,17.58843
2022-11-19,6.29227,14.52362,16.29744
2022-11-20,7.71236,17.14949,17.48773
2022-11-21,7.92667,15.6158,18.02736
2022-11-22,7.83888,15.88949,18.03511
2022-11-23,7.36896,15.35502,17.72011
2022-11-24,6.41363,13.69739,16.85773
2022-11-25,5.96178,12.55615,15.41182
2022-11-26,6.80092,14.98838,16.84224
2022-11-27,7.22953,18.23134,19.38807
2022-11-28,6.78543,15.52801,18.52052
2022-11-29,7.0049,15.85334,20.28401
2022-11-30,8.0945,17.90085,26.9765
2022-12-01,7.18306,16.3749,23.45726
2022-12-02,5.4428,13.57087,16.70797
2022-12-03,4.91866,13.66124,12.79369
2022-12-04,6.32584,18.45081,16.41621
2022-12-05,6.20449,16.20191,17.50839
2022-12-06,5.2569,15.29821,15.6003
2022-12-07,5.42215,15.02969,14.43841
2022-12-08,5.23625,13.63026,12.43738
2022-12-09,3.96333,12.51484,10.95016
2022-12-10,4.61399,13.7103,10.61967
2022-12-11,5.43764,16.46269,12.24115
2022-12-12,5.22075,15.30338,12.13013
2022-12-13,5.04776,15.29563,12.05009
2022-12-14,5.1278,15.70875,13.4237
2022-12-15,4.85153,13.73353,11.07926
2022-12-16,4.04337,12.10172,9.62044
2022-12-17,4.58301,12.93829,9.95094
2022-12-18,5.0994,16.38523,11.61631
2022-12-19,4.33772,14.1544,11.53885
2022-12-20,4.49522,13.26103,10.44151
2022-12-21,4.2396,12.15078,9.56622
2022-12-22,4.21895,11.79963,9.80118
2022-12-23,3.55796,10.11877,8.86392
2022-12-24,3.64058,11.32713,8.22876
2022-12-25,4.18022,13.26878,8.54634
2022-12-26,3.87554,12.11205,8.22359
2022-12-27,3.81874,10.5293,7.71494
2022-12-28,3.94784,10.46217,7.85954
2022-12-29,3.36173,9.81926,6.73896
2022-12-30,3.32816,8.49212,6.04441
2022-12-31,3.08029,9.44229,5.70875
2023-01-01,3.79292,11.16447,7.66589
2023-01-02,3.93751,10.96565,7.13142
2023-01-03,3.8239,10.88045,7.38962
2023-01-04,4.03046,11.14381,6.67441
2023-01-05,4.03304,10.81332,6.65633
2023-01-06,3.65608,10.0,5.97986
2023-01-07,4.31964,11.05344,5.86367
2023-01-08,4.56493,12.9073,6.60211
2023-01-09,4.16214,11.17479,6.29744
2023-01-10,4.16731,11.65246,6.59953
2023-01-11,4.63723,11.36844,6.52207
2023-01-12,4.60366,10.80299,6.36715
2023-01-13,4.27317,9.79602,5.2853
2023-01-14,4.50555,10.86496,5.38858
2023-01-15,5.05809,13.11386,6.04441
2023-01-16,4.22411,10.88303,5.44022
2023-01-17,4.10792,10.89336,5.42731
2023-01-18,3.8962,9.40872,4.95997
2023-01-19,3.5373,8.7813,4.93157
2023-01-20,3.24554,8.2804,4.4978
2023-01-21,3.28943,9.17893,4.12858
2023-01-22,4.11567,9.7986,4.72501
2023-01-23,4.60108,10.92951,5.2001
2023-01-24,5.16395,13.03382,6.49625
2023-01-25,4.92124,11.83578,6.62535
2023-01-26,4.63206,10.97082,6.19674
2023-01-27,4.29641,9.73147,5.58739
2023-01-28,4.60883,10.91402,5.59514
2023-01-29,4.93674,12.15336,6.01342
2023-01-30,4.61141,10.86238,6.02375
2023-01-31,4.8851,10.94758,5.55125
2023-02-01,5.11747,10.96307,5.75264
2023-02-02,5.05551,10.11102,5.87399
2023-02-03,4.46682,9.50167,5.09166
2023-02-04,5.04776,9.77794,5.37309
2023-02-05,5.95404,11.8616,6.52982
2023-02-06,5.55641,10.79783,6.2458
2023-02-07,5.75522,10.65065,6.41363
2023-02-08,5.71391,11.19803,6.14252
2023-02-09,5.65711,9.71598,5.58739
2023-02-10,5.66227,8.90007,5.36793
2023-02-11,6.58404,10.18073,5.65711
2023-02-12,7.93699,12.31861,6.72605
2023-02-13,7.59617,11.37619,6.9197
2023-02-14,7.55486,11.08443,6.37748
2023-02-15,7.134,10.45184,6.21998
2023-02-16,6.85256,10.13168,5.87399
2023-02-17,6.31293,9.49135,5.74748
2023-02-18,7.59876,10.5009,5.38858
2023-02-19,9.11696,13.08029,6.819
2023-02-20,8.53601,11.11025,6.05215
2023-02-21,8.76839,11.10508,5.95662
2023-02-22,8.06093,10.80557,5.62096
2023-02-23,9.09888,11.89,5.97986
2023-02-24,9.28995,11.05344,5.79395
2023-02-25,9.67983,11.8616,5.89465
2023-02-26,11.56726,13.90395,6.54789
2023-02-27,11.38135,12.4064,6.55047
2023-02-28,11.87193,11.05602,6.32068
2023-03-01,14.31706,14.15182,8.70642
2023-03-02,12.21017,10.44926,7.51613
2023-03-03,10.95274,9.15569,6.06764
2023-03-04,14.16473,11.67312,8.19003
2023-03-05,17.73818,16.17867,7.86728
2023-03-06,17.02814,12.7498,8.10224
2023-03-07,19.00852,12.83759,7.34314
2023-03-08,17.70978,12.00619,5.99018
2023-03-09,14.59333,11.52594,5.17686
2023-03-10,11.86418,10.37696,3.86522
2023-03-11,13.05189,11.85386,3.3514
2023-03-12,13.74128,13.638,4.4978
2023-03-13,9.76504,10.39504,4.75342
2023-03-14,11.96488,11.27549,4.55202
2023-03-15,11.85386,11.21611,4.41001
2023-03-16,10.12135,9.92512,4.65788
2023-03-17,8.21068,8.32171,4.18796
2023-03-18,11.68861,10.49832,3.88329
2023-03-19,16.2174,12.6207,4.19313
2023-03-20,13.44177,10.7591,4.04854
2023-03-21,12.47353,9.93545,3.72063
2023-03-22,12.09656,9.57139,3.12935
2023-03-23,10.68938,8.08417,2.43996
2023-03-24,9.38032,7.4206,2.35476
2023-03-25,11.52336,8.65737,2.42964
2023-03-26,14.44874,10.85979,2.88665
2023-03-27,11.95713,8.18228,3.5373
2023-03-28,11.32971,8.45597,3.29718
2023-03-29,9.73147,8.38884,2.5355
2023-03-30,9.38548,7.85954,2.31861
2023-03-31,7.09527,8.88458,2.12754
2023-04-01,7.75884,9.8709,1.59824
2023-04-02,8.01704,9.67467,1.55176
2023-04-03,7.88536,7.57294,1.72476
2023-04-04,7.64007,6.95843,1.61373
2023-04-05,7.45675,6.93777,2.15853
2023-04-06,7.41802,6.43945,2.99767
2023-04-07,6.55047,6.05731,2.74464
2023-04-08,7.83888,7.42835,2.61296
2023-04-09,9.35708,8.48954,2.3057
2023-04-10,8.73224,7.06687,2.34443
2023-04-11,8.28556,6.80351,2.41673
2023-04-12,8.00154,7.00748,2.36767
2023-04-13,7.40769,6.36199,2.07074
2023-04-14,6.23031,5.52543,1.71185
2023-04-15,7.83888,7.41802,1.78931
2023-04-16,9.05499,8.42757,2.02427
2023-04-17,7.7072,6.48076,1.92357
2023-04-18,7.45675,6.49883,2.07074
2023-04-19,6.36457,5.44797,1.51562
2023-04-20,5.24399,4.37387,1.28582
2023-04-21,4.56751,4.10792,1.21352
2023-04-22,5.22592,4.756,1.14639
2023-04-23,6.07281,5.50477,1.2884
2023-04-24,5.97986,4.84637,1.56467
2023-04-25,6.5324,5.38858,2.46062
2023-04-26,6.73379,5.42731,2.55873
2023-04-27,5.55125,4.77924,1.98295
2023-04-28,4.67337,3.9969,1.52594
2023-04-29,5.67518,5.70617,1.65504
2023-04-30,6.10121,5.5719,1.53627
2023-05-01,6.09604,4.93415,1.38135
2023-05-02,5.18977,4.5985,1.26258
2023-05-03,4.40743,3.78259,1.16189
2023-05-04,3.7103,3.3514,1.11025
2023-05-05,4.63981,4.268,1.11283
2023-05-06,5.08649,4.43067,1.56726
2023-05-07,5.88949,4.60108,1.58791
2023-05-08,5.31629,3.84198,1.41492
2023-05-09,4.62174,3.34624,1.27807
2023-05-10,4.34546,3.09062,1.01729
2023-05-11,3.67931,3.13452,1.08443
2023-05-12,3.05964,2.78853,1.0741
2023-05-13,3.47276,2.65427,0.8882
2023-05-14,3.46243,3.2223,0.91143
2023-05-15,3.09837,2.3341,1.07152
2023-05-16,2.80402,2.06558,1.09217
2023-05-17,2.27988,2.04234,0.93209
2023-05-18,2.26439,1.89,0.85979
2023-05-19,1.88484,1.67828,0.67131
2023-05-20,1.97779,1.90033,0.68938
2023-05-21,2.84533,2.04492,0.67131
2023-05-22,2.75238,1.92099,1.06377
2023-05-23,2.52259,1.88226,0.9166
2023-05-24,2.28246,2.00877,0.87787
2023-05-25,2.10947,1.77123,0.83656
2023-05-26,1.79189,1.86676,0.74619
2023-05-27,2.06041,2.05783,0.59901
2023-05-28,2.58455,2.2773,0.76426
2023-05-29,2.30312,2.03201,0.78492
2023-05-30,2.32636,1.63955,0.80299
2023-05-31,1.90808,1.67312,0.76684
2023-06-01,1.92873,1.79963,0.7875
2023-06-02,1.74799,1.6034,0.73069
2023-06-03,1.9184,1.62148,0.57319
2023-06-04,1.95713,1.65504,0.60934
2023-06-05,1.58533,1.39426,0.73844
2023-06-06,1.70668,1.68344,0.66098
2023-06-07,1.7764,1.53627,0.78233
2023-06-08,1.8048,1.54144,0.90369
2023-06-09,1.42266,1.3891,0.76942
2023-06-10,1.66279,1.42008,0.68164
2023-06-11,1.70926,1.80738,0.65324
2023-06-12,1.59824,1.4175,0.76942
2023-06-13,1.59566,1.59566,0.8443
2023-06-14,1.55693,1.55693,0.80557
2023-06-15,1.68086,1.60599,0.86496
2023-06-16,1.51562,1.27807,0.76942
2023-06-17,1.42008,1.38135,0.60418
2023-06-18,1.55951,1.54402,0.74102
2023-06-19,1.22127,1.43041,0.81332
2023-06-20,1.37619,1.2316,0.77975
2023-06-21,1.69119,1.43816,0.87787
2023-06-22,1.52853,1.37361,0.77717
2023-06-23,1.51045,1.23934,0.76168
2023-06-24,1.47947,1.29357,0.81074
2023-06-25,1.60599,1.46139,0.77201
2023-06-26,1.66279,1.32197,0.98631
2023-06-27,1.56984,1.28066,0.88045
2023-06-28,1.58533,1.30389,0.84947
2023-06-29,1.60857,1.42783,0.92434
2023-06-30,1.575,1.28066,0.82881
2023-07-01,1.44848,1.46398,0.77975
2023-07-02,1.68603,1.52853,0.7591
2023-07-03,1.39426,1.34004,1.00438
2023-07-04,1.55176,1.43299,1.08184
2023-07-05,1.6034,1.3168,0.89852
2023-07-06,1.41492,1.38394,0.90111
2023-07-07,1.22643,1.23418,0.93725
2023-07-08,1.29098,1.39943,0.72553
2023-07-09,1.58791,1.69377,0.80041
2023-07-10,1.49754,1.48721,1.01213
2023-07-11,1.72734,1.39684,1.04828
2023-07-12,1.53627,1.44332,1.0457
2023-07-13,1.51303,1.34262,1.0018
2023-07-14,1.58533,1.49754,1.05861
2023-07-15,2.1482,1.82287,0.79266
2023-07-16,1.84095,1.80738,0.90627
2023-07-17,1.68086,1.55176,0.9166
2023-07-18,1.60599,1.56467,1.13607
2023-07-19,1.50529,1.52853,0.99664
2023-07-20,1.52594,1.39684,1.06377
2023-07-21,1.25742,1.46914,1.01471
2023-07-22,1.45623,1.50271,0.92693
2023-07-23,1.71959,1.62148,1.0018
2023-07-24,1.54402,1.50012,1.05086
2023-07-25,1.46656,1.43816,1.04053
2023-07-26,1.49754,1.64471,1.05086
2023-07-27,1.34004,1.52078,1.08959
2023-07-28,1.35812,1.53627,0.92951
2023-07-29,1.29098,1.4743,0.7591
2023-07-30,1.42783,1.46914,0.91402
2023-07-31,1.48205,1.78931,1.10766
2023-08-01,1.53369,1.66021,1.11799
2023-08-02,1.55951,1.7609,1.06893
2023-08-03,1.46139,1.81771,1.06893
2023-08-04,1.40201,2.11205,1.09992
2023-08-05,1.37103,1.76607,0.93725
2023-08-06,1.73767,2.00877,1.04053
2023-08-07,1.7325,2.30054,1.10766
2023-08-08,1.99586,2.30312,1.23676
2023-08-09,2.06558,2.52259,1.20836
2023-08-10,2.84017,2.99509,1.3891
2023-08-11,2.78079,3.01058,1.40459
2023-08-12,2.88923,3.09062,1.22385
2023-08-13,3.03898,3.20165,1.27549
2023-08-14,2.50193,2.6491,1.36586
2023-08-15,2.86857,3.36948,1.30648
2023-08-16,2.61554,3.18099,1.25484
2023-08-17,2.75755,2.96152,1.40975
2023-08-18,2.7214,2.96411,1.37361
2023-08-19,2.77304,3.47017,1.26516
2023-08-20,3.33333,3.86263,1.42525
2023-08-21,3.08546,3.60444,1.36586
2023-08-22,3.32042,3.4237,1.45881
2023-08-23,4.24218,4.07436,1.65762
2023-08-24,4.33255,4.58301,1.78672
2023-08-25,4.03046,4.09501,1.59049
2023-08-26,4.71469,4.85411,1.4459
2023-08-27,5.75522,6.08313,1.86418
2023-08-28,6.88871,6.13219,2.03976
2023-08-29,7.65298,6.72088,2.17918
2023-08-30,9.06532,7.61425,2.36767
2023-08-31,9.72114,7.53421,2.09914
2023-09-01,9.70823,7.41027,2.32894
2023-09-02,9.70823,8.61605,1.9623
2023-09-03,10.36405,9.09114,2.14304
2023-09-04,7.8931,7.75367,2.3625
2023-09-05,6.80092,6.95843,2.18951
2023-09-06,6.04182,6.78027,2.18693
2023-09-07,7.3922,7.51097,2.31087
2023-09-08,7.2631,7.17789,2.16369
2023-09-09,7.83372,8.5231,2.01394
2023-09-10,9.18151,10.17299,2.33152
2023-09-11,7.60392,8.17195,2.5071
2023-09-12,7.04363,7.84921,2.4632
2023-09-13,9.43712,9.32352,2.79886
2023-09-14,9.94319,10.00516,2.84017
2023-09-15,10.42344,10.32016,2.92021
2023-09-16,11.63439,12.75497,2.67751
2023-09-17,11.77898,13.25845,3.0364
2023-09-18,8.74774,10.34598,2.81693
2023-09-19,8.52052,9.69532,2.67234
2023-09-20,11.58791,11.85902,3.75935
2023-09-21,15.76555,15.0142,4.93415
2023-09-22,19.1247,14.06661,5.04002
2023-09-23,17.03072,15.36534,4.35063
2023-09-24,16.50916,17.83888,5.02711
2023-09-25,13.2223,15.0142,4.74825
2023-09-26,11.13607,13.18099,4.63465
2023-09-27,8.77356,10.66098,3.45985
2023-09-28,8.43015,11.28582,2.88148
2023-09-29,8.91556,12.1766,3.1371
2023-09-30,11.1593,13.91686,4.27317
2023-10-01,14.12858,16.52207,5.72424
2023-10-02,15.88949,18.10482,7.91117
2023-10-03,21.93906,23.81874,11.62406
2023-10-04,21.65762,21.84611,13.67415
2023-10-05,29.42421,25.37051,27.4774
2023-10-06,24.52362,21.63439,27.40253
2023-10-07,19.89155,20.84688,22.8221
2023-10-08,19.27446,21.69377,21.36586
2023-10-09,20.14459,23.20423,19.82184
2023-10-10,19.08597,20.86496,17.54712
2023-10-11,17.27859,20.12393,15.38084
2023-10-12,15.54867,19.02659,14.96256
2023-10-13,13.52956,17.53421,12.30312
2023-10-14,13.89362,18.98011,13.05189
2023-10-15,17.37929,22.80144,15.35243
2023-10-16,18.85101,21.97521,20.05422
2023-10-17,20.43893,22.5923,26.42654
2023-10-18,17.91892,21.21869,27.19597
2023-10-19,15.31629,18.92589,24.61657
2023-10-20,15.87399,19.06016,31.69894
2023-10-21,15.93338,21.45107,35.33178
2023-10-22,17.49548,24.72501,34.35321
2023-10-23,16.00309,22.00619,27.07978
2023-10-24,14.04337,20.19364,22.79886
2023-10-25,12.18177,18.06093,18.79163
2023-10-26,10.51123,16.13994,15.50735
2023-10-27,8.76065,15.68809,14.74309
2023-10-28,9.50942,16.19674,14.35321
2023-10-29,11.30131,18.70642,15.81203
2023-10-30,11.28066,17.14949,16.30777
2023-10-31,10.85721,16.64342,14.69145
2023-11-01,9.98709,16.66924,14.70178
2023-11-02,8.26232,14.71985,11.55951
2023-11-03,7.35605,12.79886,9.84508
2023-11-04,7.63232,13.68964,10.56803
2023-11-05,9.27188,17.28375,13.12161
2023-11-06,10.45184,16.98683,22.39349
2023-11-07,13.51665,19.1686,42.22824
2023-11-08,11.13865,18.27265,38.92073
2023-11-09,9.0395,15.99793,25.88432
2023-11-10,8.79938,15.63129,28.51278
2023-11-11,9.0111,17.64265,27.68654
2023-11-12,10.80557,20.67131,33.14484
2023-11-13,10.07229,20.00258,35.76039
2023-11-14,8.74515,17.59359,28.09191
2023-11-15,7.74335,16.33875,23.40562
2023-11-16,7.40511,15.54092,21.89258
2023-11-17,6.1735,13.72063,19.96901
2023-11-18,6.38523,19.54557,18.08675
2023-11-19,6.46785,17.95507,17.10043
2023-11-20,6.15801,15.44022,17.5213
2023-11-21,5.89465,13.98915,15.94629
2023-11-22,5.05034,13.12161,14.268
2023-11-23,4.77407,13.51923,12.25148
2023-11-24,4.83604,12.20242,13.91944
2023-11-25,4.93674,13.30751,12.52001
2023-11-26,5.65711,14.93157,13.07255
2023-11-27,5.38084,13.45468,12.84017
2023-11-28,5.29047,12.78337,11.95713
2023-11-29,5.43248,13.05964,13.45985
2023-11-30,5.08907,12.94345,14.12341
2023-12-01,4.55202,12.063,11.82804
2023-12-02,4.41001,12.16627,10.40537
2023-12-03,5.01936,13.953,10.63258
2023-12-04,4.68887,12.83759,10.51123
2023-12-05,4.51329,11.75832,10.4441
2023-12-06,4.39452,11.7609,9.75729
2023-12-07,4.16989,10.60418,9.66692
2023-12-08,3.76194,9.16085,7.73044
2023-12-09,3.91686,9.97418,7.10302
2023-12-10,4.26284,11.83062,7.76658
2023-12-11,3.93235,10.67906,7.35863
2023-12-12,3.84456,10.85721,7.56777
2023-12-13,4.05886,10.75651,7.18822
2023-12-14,3.85231,10.02323,6.86289
2023-12-15,3.42112,9.07048,6.08572
2023-12-16,3.70255,10.70746,7.17273
2023-12-17,4.58559,13.6096,8.48179
2023-12-18,4.5701,12.00619,9.71856
2023-12-19,4.11309,11.14639,8.58249
2023-12-20,4.13891,11.04311,9.35966
2023-12-21,4.00206,10.43119,9.00077
2023-12-22,3.22489,8.43532,7.32765
2023-12-23,3.47792,9.38807,6.36715
2023-12-24,3.16292,9.40098,6.13477
2023-12-25,3.67673,10.40795,6.02891
2023-12-26,3.37206,8.59282,6.12445
2023-12-27,3.28685,8.32687,5.91272
2023-12-28,2.95636,7.27601,5.21043
2023-12-29,2.99767,6.66408,4.56751
2023-12-30,2.80919,7.98089,4.73018
2023-12-31,2.92538,7.70462,4.76374
2024-01-01,3.40821,8.6806,4.65014
2024-01-02,2.98218,7.66331,5.54092
2024-01-03,3.23005,7.89827,5.62096
2024-01-04,3.28427,7.5058,5.2285
2024-01-05,3.1655,7.14691,4.77665
2024-01-06,3.49599,7.73044,4.73276
2024-01-07,4.19571,9.58171,5.63129
2024-01-08,3.4805,8.07384,5.09166
2024-01-09,3.7955,8.5231,5.39633
2024-01-10,3.67673,8.64962,5.02969
2024-01-11,3.7955,8.39917,4.98838
2024-01-12,3.28169,7.62716,4.45132
2024-01-13,3.46243,8.42757,4.73018
2024-01-14,4.20345,9.40614,4.89801
2024-01-15,3.80067,8.12806,5.22075
2024-01-16,3.67673,8.33978,4.99096
2024-01-17,3.77485,8.70901,4.95481
2024-01-18,3.51665,7.90601,4.70178
2024-01-19,3.42112,7.28892,4.25251
2024-01-20,3.59927,7.84404,4.32739
2024-01-21,3.69222,9.54298,4.71985
2024-01-22,3.72579,8.52569,5.25432
2024-01-23,3.90911,9.24348,5.64936
2024-01-24,3.66124,8.09191,5.30854
2024-01-25,3.25587,7.45933,4.66821
2024-01-26,3.24554,6.73896,4.18796
2024-01-27,3.36948,7.41544,4.268
2024-01-28,4.06661,8.75548,4.78698
2024-01-29,3.85489,7.86212,4.70436
2024-01-30,3.95558,7.81564,4.67337
2024-01-31,3.71288,7.30699,4.53137
2024-02-01,4.18022,7.42318,4.57784
2024-02-02,3.62509,7.04363,4.20604
2024-02-03,4.14923,7.43093,3.84972
2024-02-04,5.16653,8.89749,4.88768
2024-02-05,4.46682,7.85954,4.07177
2024-02-06,3.57862,6.9042,4.14923
2024-02-07,3.33333,6.18125,3.70513
2024-02-08,3.58894,5.61321,4.09501
2024-02-09,3.64833,6.1735,3.6819
2024-02-10,4.19054,6.94552,3.75161
2024-02-11,4.95997,7.449,4.27575
2024-02-12,5.7733,8.95946,5.04518
2024-02-13,6.25613,9.12729,5.42731
2024-02-14,6.91711,8.38626,6.0315
2024-02-15,6.4601,7.80015,5.03227
2024-02-16,5.2853,7.28117,4.66046
2024-02-17,5.48153,7.9499,4.50813
2024-02-18,6.96875,9.64885,5.06842
2024-02-19,6.44719,8.98011,4.59333
2024-02-20,6.08572,8.38884,4.63981
2024-02-21,5.80945,7.84663,4.20862
2024-02-22,5.31629,7.23986,4.37128
2024-02-23,5.10457,6.73121,5.40149
2024-02-24,5.41957,7.84921,5.24916
2024-02-25,6.7467,8.87942,4.83604
2024-02-26,7.27084,8.43532,4.84379
2024-02-27,6.67183,8.13839,6.19416
2024-02-28,6.18641,7.65556,5.81203
2024-02-29,6.28453,6.85256,4.66563
2024-03-01,5.83526,7.95249,4.68628
2024-03-02,6.6899,7.9654,4.45391
2024-03-03,8.03253,9.39065,6.07281
2024-03-04,7.31732,7.69945,5.73457
2024-03-05,7.79757,7.72269,5.99535
2024-03-06,8.42499,8.99302,5.91272
2024-03-07,7.75884,8.38109,5.8869
2024-03-08,6.72088,7.65298,5.17686
2024-03-09,8.16937,8.9827,5.62612
2024-03-10,9.24606,10.0852,5.94629
2024-03-11,8.81487,11.03279,6.10895
2024-03-12,8.37335,9.90704,5.53317
2024-03-13,8.96979,8.92589,5.84301
2024-03-14,8.58765,8.02995,5.64678
2024-03-15,8.55409,7.62458,4.89026
2024-03-16,10.54737,9.34417,4.79731
2024-03-17,11.27807,10.28401,4.67079
2024-03-18,9.37774,8.76581,4.66821
2024-03-19,8.59024,8.42499,4.89026
2024-03-20,8.35528,8.2081,5.00129
2024-03-21,7.53679,8.37077,4.69145
2024-03-22,7.11851,7.06429,4.09759
2024-03-23,8.93106,8.47663,3.19907
2024-03-24,10.34856,9.17893,3.01316
2024-03-25,9.57139,8.11257,3.54763
2024-03-26,8.54118,7.78724,3.5528
2024-03-27,8.82778,7.52388,3.2662
2024-03-28,7.45158,7.26826,2.91505
2024-03-29,6.75961,6.36457,2.88148
2024-03-30,7.83113,7.59359,2.79886
2024-03-31,9.57655,8.40691,2.70333
2024-04-01,8.99044,7.06945,2.61554
2024-04-02,8.60056,6.64084,2.47869
2024-04-03,8.07642,6.71572,1.97263
2024-04-04,7.17015,5.87916,2.18951
2024-04-05,6.17609,5.62096,1.89517
2024-04-06,7.23986,5.93854,1.96746
2024-04-07,7.25277,6.16576,1.69377
2024-04-08,6.79834,5.48412,1.56467
2024-04-09,5.77846,5.50994,1.79963
2024-04-10,6.62535,6.0599,1.45365
2024-04-11,6.12961,5.01161,1.3168
2024-04-12,5.02452,3.95817,1.35295
2024-04-13,4.65788,3.7103,0.99147
2024-04-14,4.47973,3.53214,0.99664
2024-04-15,4.23186,3.47017,1.2032
2024-04-16,4.24993,3.30234,1.14898
2024-04-17,4.22927,3.48825,1.31939
2024-04-18,3.74128,2.98734,1.77898
2024-04-19,3.04673,2.51484,1.11799
2024-04-20,3.43403,3.15259,1.26
2024-04-21,4.35579,3.31784,1.02504
2024-04-22,4.10276,3.02091,1.27033
2024-04-23,3.76194,2.693,1.25225
2024-04-24,4.14665,3.0648,1.31164
2024-04-25,3.46501,2.66718,1.09217
2024-04-26,3.05964,2.95636,1.35037
2024-04-27,2.88923,2.37541,0.96307
2024-04-28,2.74206,2.29796,0.80299
2024-04-29,2.8789,2.30054,1.28066
2024-04-30,2.58972,2.10689,1.02246
2024-05-01,3.07771,2.43222,1.09475
2024-05-02,2.81951,2.0475,1.21352
2024-05-03,2.22308,1.81771,0.92434
2024-05-04,2.13529,1.59308,0.81332
2024-05-05,2.72398,2.16886,0.86238
2024-05-06,3.25845,2.38832,1.03795
2024-05-07,3.53989,2.205,1.27033
2024-05-08,3.17841,2.10947,1.32197
2024-05-09,3.04156,1.96746,1.05602
2024-05-10,2.75755,1.9184,0.96824
2024-05-11,2.93829,2.16886,0.83139
2024-05-12,3.14484,2.19468,0.91143
2024-05-13,2.82726,1.87451,0.91918
2024-05-14,2.30312,1.69635,0.81848
2024-05-15,3.38239,2.05783,1.11799
2024-05-16,3.26361,1.97521,1.20836
2024-05-17,2.50193,1.55951,0.88561
2024-05-18,2.32119,1.71443,0.71004
2024-05-19,2.41414,1.74283,0.63258
2024-05-20,2.29537,1.46914,0.72553
2024-05-21,2.10947,1.4898,0.87787
2024-05-22,2.03459,1.48205,0.81074
2024-05-23,1.90808,1.27807,0.84172
2024-05-24,1.7325,1.37361,0.75393
2024-05-25,1.75574,1.34004,0.70229
2024-05-26,2.24632,1.61373,0.68164
2024-05-27,2.16111,1.35553,0.78492
2024-05-28,2.02685,1.45365,0.78233
2024-05-29,1.89775,1.24709,0.78492
2024-05-30,1.94164,1.36844,0.72037
2024-05-31,1.52853,1.28066,0.74102
2024-06-01,1.95197,1.4175,0.64807
2024-06-02,2.16111,1.40459,0.7152
2024-06-03,1.80738,1.30131,0.79783
2024-06-04,1.61373,1.19545,0.77201
2024-06-05,1.5466,1.09475,0.73586
2024-06-06,1.57758,1.15672,0.67131
2024-06-07,1.52594,1.15414,0.68938
2024-06-08,1.65246,1.39426,0.73844
2024-06-09,1.66279,1.32971,0.60934
2024-06-10,1.54144,1.02246,0.74619
2024-06-11,1.31939,0.98889,0.73844
2024-06-12,1.31939,1.07926,0.73844
2024-06-13,1.21352,1.17996,0.7152
2024-06-14,1.15156,0.92951,0.65065
2024-06-15,1.1593,1.07668,0.47766
2024-06-16,1.36586,1.19803,0.56287
2024-06-17,1.2316,1.08959,0.71778
2024-06-18,1.13607,0.85721,0.72553
2024-06-19,1.1025,1.03537,0.62225
2024-06-20,1.05861,0.9734,0.64033
2024-06-21,0.94242,0.8882,0.63516
2024-06-22,1.19029,0.95274,0.62742
2024-06-23,1.28582,1.20061,0.49315
2024-06-24,1.27549,0.9734,0.63258
2024-06-25,1.34004,0.99406,0.67647
2024-06-26,1.0741,1.11283,0.61192
2024-06-27,0.96824,1.09734,0.64807
2024-06-28,0.92434,1.7041,0.67389
2024-06-29,1.0741,1.17996,0.57319
2024-06-30,1.32971,1.19287,0.59901
2024-07-01,1.0457,0.98889,0.66098
2024-07-02,1.24967,1.19803,0.65582
2024-07-03,1.31164,1.18512,0.67131
2024-07-04,1.08184,1.11541,0.71778
2024-07-05,1.08701,1.09217,0.59643
2024-07-06,1.03795,0.97856,0.51897
2024-07-07,1.30906,1.03279,0.67131
2024-07-08,1.27807,1.17738,0.70746
2024-07-09,1.34004,1.14381,0.77459
2024-07-10,1.1877,1.04053,0.71262
2024-07-11,1.19029,1.07668,0.69713
2024-07-12,1.1025,1.01471,0.70229
2024-07-13,1.00697,1.20836,0.53188
2024-07-14,1.34262,1.19545,0.62225
2024-07-15,1.1309,1.02762,0.68164
2024-07-16,1.20836,1.16963,0.76426
2024-07-17,1.22385,1.15672,0.8159
2024-07-18,1.17738,1.06119,0.85721
2024-07-19,0.93209,1.06377,0.57578
2024-07-20,1.13348,1.19029,0.5577
2024-07-21,1.16705,1.32713,0.69971
2024-07-22,1.23676,1.06893,0.71262
2024-07-23,1.28582,1.15672,0.83139
2024-07-24,1.20836,1.23418,0.68422
2024-07-25,1.08959,1.14639,0.71778
2024-07-26,1.04828,1.05602,0.67647
2024-07-27,1.06119,1.20578,0.67131
2024-07-28,1.31422,1.09217,0.75135
2024-07-29,1.21611,1.24709,0.77975
2024-07-30,1.02762,1.27807,0.69971
2024-07-31,1.03279,1.13607,0.75135
2024-08-01,1.13348,1.17996,0.72295
2024-08-02,1.04053,1.16189,0.75651
2024-08-03,1.08959,1.17221,0.72811
2024-08-04,1.19545,1.24967,0.97598
2024-08-05,1.42008,1.48463,1.2316
2024-08-06,1.37619,1.51045,0.97598
2024-08-07,1.35553,1.26516,1.02246
2024-08-08,1.46656,1.41492,0.99406
2024-08-09,1.43557,1.55693,1.05602
2024-08-10,1.68861,1.54918,0.85721
2024-08-11,1.78414,1.84869,0.85979
2024-08-12,1.79189,1.98295,0.91918
2024-08-13,1.65504,1.71959,1.03279
2024-08-14,1.68603,1.80738,0.83914
2024-08-15,1.82545,1.92615,0.90885
2024-08-16,1.87451,1.9184,0.93725
2024-08-17,1.97521,2.21533,0.8443
2024-08-18,2.31861,2.45546,1.04053
2024-08-19,1.98812,2.06816,1.04311
2024-08-20,2.16111,2.13013,1.21611
2024-08-21,2.15336,2.32894,1.26
2024-08-22,2.30054,2.40382,1.27549
2024-08-23,2.14304,2.44513,1.26258
2024-08-24,2.4916,2.8066,1.07926
2024-08-25,3.15517,3.17066,1.23934
2024-08-26,2.78853,2.84275,1.3607
2024-08-27,3.46243,3.12419,1.42008
2024-08-28,3.87296,3.25071,1.43557
2024-08-29,3.41595,3.68706,1.46914
2024-08-30,3.18357,3.45726,1.42783
2024-08-31,3.58378,3.7387,1.32713
2024-09-01,4.51071,4.58559,1.61115
2024-09-02,4.73534,4.15182,1.82029
2024-09-03,5.00129,4.22153,1.95713
2024-09-04,4.81797,4.14407,1.56984
2024-09-05,4.79989,4.44616,1.73767
2024-09-06,4.86186,4.44358,1.68344
2024-09-07,5.17686,5.17428,1.47689
2024-09-08,6.16059,5.74231,1.74541
2024-09-09,4.67596,4.62432,1.86418
2024-09-10,4.16473,3.91686,1.54402
2024-09-11,4.01239,4.42292,1.56209
2024-09-12,4.15956,4.75083,1.62406
2024-09-13,3.70513,4.32739,1.40201
2024-09-14,4.29124,4.92899,1.33746
2024-09-15,4.59075,5.13297,1.34779
2024-09-16,4.48489,5.06067,1.47947
2024-09-17,4.52362,5.08133,1.50529
2024-09-18,5.33178,5.70358,1.70926
2024-09-19,4.47456,4.95739,1.89517
2024-09-20,5.16137,5.29821,2.32378
2024-09-21,10.16008,9.36741,3.60185
2024-09-22,12.75497,12.1198,4.28091
2024-09-23,16.504,12.47353,5.54608
2024-09-24,16.93777,12.32378,5.14588
2024-09-25,11.57758,10.46733,4.33772
2024-09-26,9.40872,8.86392,3.31009
2024-09-27,7.88277,8.01187,3.03898
2024-09-28,7.39994,8.70642,3.07513
2024-09-29,8.95429,9.36999,3.34624
2024-09-30,8.45339,8.86134,3.46759
2024-10-01,14.73276,14.37645,7.98347
2024-10-02,21.54144,17.14175,15.50219
2024-10-03,21.91582,19.37774,15.87916
2024-10-04,17.20113,15.76039,12.54324
2024-10-05,14.3119,14.78956,9.6411
2024-10-06,17.81564,18.29073,12.90472
2024-10-07,17.46449,16.49625,12.18693
2024-10-08,14.07177,13.87813,10.44151
2024-10-09,13.37464,14.92124,9.11954
2024-10-10,12.30312,13.77226,8.74774
2024-10-11,9.84508,11.17479,7.50064
2024-10-12,10.00258,11.45365,7.04363
2024-10-13,11.57242,13.77226,8.34237
2024-10-14,11.3168,12.45287,7.93183
2024-10-15,9.96643,12.04234,8.45339
2024-10-16,9.87864,11.40717,7.38703
2024-10-17,9.37774,11.45623,7.57294
2024-10-18,8.76581,10.40537,8.00413
2024-10-19,10.10586,11.77123,9.95868
2024-10-20,14.90059,16.17867,19.80376
2024-10-21,16.10121,16.00051,23.95817
2024-10-22,13.41079,14.8567,18.58507
2024-10-23,15.32145,15.82235,27.74335
2024-10-24,13.95042,14.14407,26.71314
2024-10-25,10.07487,12.0475,17.74335
2024-10-26,9.48876,11.49496,14.08727
2024-10-27,10.77975,14.01755,15.88949
2024-10-28,10.63,12.68267,15.53059
2024-10-29,10.05422,12.38832,16.10895
2024-10-30,10.00516,12.06816,14.45649
2024-10-31,8.21068,11.83836,13.20939
2024-11-01,8.04802,10.89594,13.81616
2024-11-02,7.79757,10.63516,12.20242
2024-11-03,8.57474,11.85902,13.74386
2024-11-04,9.70049,11.75316,17.67105
2024-11-05,11.55435,13.85489,31.32455
2024-11-06,12.83242,14.75858,39.69016
2024-11-07,11.09992,13.43661,33.12935
2024-11-08,8.25716,10.81332,22.44771
2024-11-09,7.38703,10.97082,17.38445
2024-11-10,8.1797,12.47869,17.54195
2024-11-11,7.8931,10.79008,15.90756
2024-11-12,7.07203,10.63774,14.06403
2024-11-13,6.97392,10.16524,13.38497
2024-11-14,6.56338,10.83397,12.78079
2024-11-15,5.47121,8.83294,10.48024
2024-11-16,5.34211,9.18667,9.46294
2024-11-17,8.0222,12.13271,18.99302
2024-11-18,8.82261,12.47353,28.08675
2024-11-19,7.79499,12.15078,23.75419
2024-11-20,7.54453,11.50787,20.09036
2024-11-21,6.27678,10.25303,16.4317
2024-11-22,5.29305,8.79163,14.85928
2024-11-23,5.53576,9.44229,14.40743
2024-11-24,6.28453,11.4898,14.98321
2024-11-25,5.89723,11.20061,14.36354
2024-11-26,6.19932,10.52672,14.88252
2024-11-27,5.95404,10.3718,16.14768
2024-11-28,5.35502,9.96901,14.06919
2024-11-29,4.5546,8.882,10.99406
2024-11-30,4.59592,9.0111,10.46991
2024-12-01,5.08391,10.92693,10.63774
2024-12-02,4.19829,9.24348,9.86315
2024-12-03,4.64239,9.02401,10.36405
2024-12-04,4.10018,8.35528,9.4268
2024-12-05,4.06919,8.53085,9.16085
2024-12-06,3.71288,7.24244,8.00671
2024-12-07,3.80841,8.19777,8.07642
2024-12-08,4.51329,10.39504,9.47069
2024-12-09,4.04595,9.27704,9.81409
2024-12-10,4.06403,9.09372,9.00335
2024-12-11,4.05886,8.31138,8.36302
2024-12-12,3.74386,7.98347,8.36302
2024-12-13,3.37722,7.45675,7.85695
2024-12-14,3.49341,8.00413,7.46966
2024-12-15,4.09759,9.43196,8.63671
2024-12-16,3.85231,8.28814,8.01704
2024-12-17,3.84714,8.61089,8.34753
2024-12-18,3.80841,8.23909,8.42499
2024-12-19,3.44694,7.12625,7.32248
2024-12-20,2.87115,6.08572,6.55822
2024-12-21,3.2378,7.83888,6.78543
2024-12-22,3.88845,8.72192,7.72527
2024-12-23,3.24812,7.04363,6.47043
2024-12-24,2.73947,5.81719,5.30596
2024-12-25,3.40562,7.38962,6.11154
2024-12-26,2.82468,6.31293,5.71133
2024-12-27,2.79369,5.6003,5.01936
2024-12-28,2.7498,6.35424,5.20526
2024-12-29,3.09837,6.69765,5.04776
2024-12-30,2.61037,5.3292,4.47714
2024-12-31,2.35734,4.53653,4.25251
2025-01-01,2.98218,6.27678,4.64239
2025-01-02,2.68009,5.94113,4.78698
2025-01-03,2.70591,5.32145,4.70952
2025-01-04,3.06738,5.99018,5.03743
2025-01-05,3.39271,6.94035,5.28789
2025-01-06,2.9796,6.20707,5.47637
2025-01-07,3.24038,6.32584,5.77846
2025-01-08,2.97702,6.23289,5.72682
2025-01-09,3.08546,6.05731,6.53498
2025-01-10,2.88665,5.62354,6.38264
2025-01-11,2.96411,6.10895,5.47637
2025-01-12,3.44694,6.88355,5.87399
2025-01-13,3.07771,6.38523,5.43248
2025-01-14,3.07513,6.33359,5.31371
2025-01-15,3.12935,5.8869,4.79215
2025-01-16,2.79886,5.56416,4.53137
2025-01-17,2.84017,5.08907,3.89104
2025-01-18,2.87115,5.50994,4.07177
2025-01-19,3.17841,6.18125,4.42809
2025-01-20,3.15001,5.66227,4.23444
2025-01-21,3.04156,5.76039,4.27575
2025-01-22,2.96411,5.11747,3.95817
2025-01-23,2.66718,4.75342,3.53472
2025-01-24,2.53808,4.31964,3.18357
2025-01-25,2.49677,4.31448,3.44177
2025-01-26,2.49677,4.41776,3.63284
2025-01-27,2.45287,4.16731,3.20423
2025-01-28,2.31603,4.39194,2.92279
2025-01-29,2.76271,4.49522,3.16034
2025-01-30,3.31525,5.25948,3.48825
2025-01-31,2.96669,4.59075,3.62767
2025-02-01,3.32558,5.14588,3.63542
2025-02-02,3.8678,5.99018,4.06145
2025-02-03,3.4805,5.38858,4.40227
2025-02-04,3.5528,5.56416,4.50296
2025-02-05,3.39271,5.39633,4.33772
2025-02-06,3.18616,5.24399,3.89104
2025-02-07,3.01833,4.98321,3.81616
2025-02-08,3.20165,5.39633,3.67415
2025-02-09,3.99948,6.02375,3.97624
2025-02-10,3.52439,5.45055,4.02272
2025-02-11,3.36431,5.49444,3.60444
2025-02-12,3.57345,5.42215,3.62509
2025-02-13,3.3798,5.2285,3.68964
2025-02-14,3.35657,4.45649,3.69997
2025-02-15,3.7387,5.52543,3.93235
2025-02-16,4.41776,6.01342,4.21636
2025-02-17,4.07436,5.53576,3.89878
2025-02-18,4.29382,5.68293,4.10018
2025-02-19,4.06145,5.42215,3.90653
2025-02-20,4.11567,5.34211,3.74128
2025-02-21,3.6664,4.68112,3.47276
2025-02-22,4.17764,5.08133,3.71546
2025-02-23,5.29821,6.46785,4.57784
2025-02-24,4.95997,5.65194,4.32739
2025-02-25,4.68628,5.30854,4.09501
2025-02-26,5.13038,5.4867,4.60108
2025-02-27,5.45055,5.45571,4.84379
2025-02-28,5.42473,5.18461,4.25509
2025-03-01,5.90756,5.6003,4.28608
2025-03-02,6.62277,6.01859,4.59333
2025-03-03,6.90937,5.9592,5.13813
2025-03-04,5.92563,4.83088,4.51071
2025-03-05,6.21482,4.98838,4.71727
2025-03-06,6.13736,5.1717,4.61399
2025-03-07,5.63645,4.89026,4.38419
2025-03-08,6.5608,5.76813,4.83088
2025-03-09,8.50245,6.93777,5.13297
2025-03-10,7.77949,5.75522,5.40924
2025-03-11,8.2365,5.65453,5.2853
2025-03-12,8.32946,5.8869,4.96772
2025-03-13,7.76917,5.31887,4.44616
2025-03-14,6.8758,4.65014,3.47276
2025-03-15,7.40769,5.51768,3.5812
2025-03-16,8.49728,6.48592,4.08468
2025-03-17,5.81461,5.05293,3.65091
2025-03-18,5.34985,4.74051,3.44435
2025-03-19,5.53834,4.756,3.54247
2025-03-20,5.76813,4.74051,3.42886
2025-03-21,5.86625,4.49005,3.04673
2025-03-22,7.21404,4.88252,2.55615
2025-03-23,7.70462,5.26981,2.4064
2025-03-24,7.764,4.58559,2.29537
2025-03-25,7.01006,4.42809,1.89
2025-03-26,5.89723,3.82649,1.80738
2025-03-27,5.61321,3.64058,1.93906
2025-03-28,4.5262,3.27394,2.5355
2025-03-29,5.20268,3.98915,2.56132
2025-03-30,5.56932,4.28866,2.65685
2025-03-31,4.99096,3.69481,2.87374
2025-04-01,5.47895,3.96075,2.39865
2025-04-02,5.68809,3.90911,2.61554
2025-04-03,5.32145,3.82649,2.39091
2025-04-04,4.51329,3.36689,2.02685
2025-04-05,5.63645,4.30157,2.26439
2025-04-06,6.30777,4.30157,2.11205
2025-04-07,5.77072,4.07952,2.00877
2025-04-08,5.53059,3.84198,1.73508
2025-04-09,5.6158,3.92718,1.6189
2025-04-10,5.23108,3.58378,1.44848
2025-04-11,4.20862,3.13452,1.3323
2025-04-12,4.76116,3.71288,1.37877
2025-04-13,5.49186,3.85747,2.12754
2025-04-14,4.73018,3.47792,3.04156
2025-04-15,4.43583,3.5528,2.34185
2025-04-16,4.62948,3.46759,1.68861
2025-04-17,3.93235,2.96411,1.28066
2025-04-18,3.47534,2.45546,1.0741
2025-04-19,3.51923,2.67492,0.95016
2025-04-20,3.78517,2.58455,0.87787
2025-04-21,3.24296,2.00619,0.90627
2025-04-22,3.04673,2.05783,0.91143
2025-04-23,2.81435,2.03718,0.93725
2025-04-24,3.05447,1.92615,1.01213
2025-04-25,2.95636,2.01394,1.05086
2025-04-26,2.9796,2.07332,0.81332
2025-04-27,3.3514,2.31087,0.81074
2025-04-28,3.16292,1.75316,0.8727
2025-04-29,2.96669,1.88484,0.93983
2025-04-30,2.3341,1.72992,0.8159
2025-05-01,2.77562,1.97779,0.8727
2025-05-02,2.74206,1.83062,0.96824
2025-05-03,3.69997,2.22308,1.30389
2025-05-04,3.26878,2.24373,0.83914
2025-05-05,3.71546,2.1766,1.13865
2025-05-06,3.98915,2.42189,1.14381
2025-05-07,3.70772,1.90291,1.07152
2025-05-08,3.07255,1.84095,0.92434
2025-05-09,3.15259,1.90291,1.00955
2025-05-10,3.93235,2.23599,1.27807
2025-05-11,3.66382,2.26697,0.94242
2025-05-12,3.12161,1.94164,0.83914
2025-05-13,2.77046,1.76349,0.7591
2025-05-14,2.33927,1.57758,0.73586
2025-05-15,2.16886,1.49238,0.77201
2025-05-16,1.94164,1.38652,0.58094
2025-05-17,2.11722,1.60857,0.66356
2025-05-18,2.60005,1.46139,0.68164
2025-05-19,2.49935,1.35812,0.69971
2025-05-20,2.05525,1.24709,0.68422
2025-05-21,1.68861,1.26258,0.7436
2025-05-22,1.74025,1.09992,0.7152
2025-05-23,1.61373,1.13348,0.61451
2025-05-24,2.17918,1.4459,0.74102
2025-05-25,2.16111,1.32197,0.63774
2025-05-26,1.85127,1.08443,0.70229
2025-05-27,1.67828,1.09475,0.59643
2025-05-28,1.6318,1.0457,0.58869
2025-05-29,1.34004,0.97598,0.6016
2025-05-30,1.32197,0.9166,0.44151
2025-05-31,1.37619,0.85721,0.41828
2025-06-01,1.52336,1.03537,0.49315
2025-06-02,1.45107,0.89336,0.53705
2025-06-03,1.54918,0.96049,0.48024
2025-06-04,1.27807,0.91918,0.54479
2025-06-05,1.24967,0.73069,0.55512
2025-06-06,1.2032,0.76426,0.44151
2025-06-07,1.27291,0.84947,0.5293
2025-06-08,1.34004,0.84688,0.47766
2025-06-09,1.12316,0.75135,0.57061
2025-06-10,1.06119,0.71778,0.61967
2025-06-11,1.14898,1.88742,0.71004
2025-06-12,1.03279,2.62587,0.75651
2025-06-13,1.03795,1.22385,0.70746
2025-06-14,1.0018,1.06893,0.46733
2025-06-15,1.07152,1.08184,0.45184
2025-06-16,1.00955,0.88561,0.53963
2025-06-17,0.95533,0.96824,0.59385
2025-06-18,0.90369,0.89078,0.51639
2025-06-19,0.77459,0.83139,0.61709
2025-06-20,0.8727,0.72553,0.44926
2025-06-21,0.97082,0.77975,0.45701
2025-06-22,0.99406,0.8882,0.49315
2025-06-23,0.90627,0.6584,0.5009
2025-06-24,0.88045,0.80815,0.5577
2025-06-25,1.0457,0.78233,0.62225
2025-06-26,1.08701,0.74877,0.49057
2025-06-27,0.98631,0.69713,0.49057
2025-06-28,0.91402,0.79008,0.43377
2025-06-29,0.9734,0.81332,0.36922
2025-06-30,0.69971,0.75393,0.59127
2025-07-01,0.86754,0.78492,0.4286
2025-07-02,0.7591,0.69713,0.61709
2025-07-03,0.74102,0.68938,0.52414
2025-07-04,0.6868,0.70487,0.4441
2025-07-05,0.77459,1.01213,0.42602
2025-07-06,0.85463,1.02504,0.40795
2025-07-07,0.72295,0.88561,0.46733
2025-07-08,0.70487,0.88561,0.50606
2025-07-09,0.78492,0.76684,0.51123
2025-07-10,0.60934,0.66098,0.49315
2025-07-11,0.56545,0.70746,0.51123
2025-07-12,0.66615,0.72553,0.38213
2025-07-13,0.93209,0.76168,0.51897
2025-07-14,0.9166,0.78492,0.53963
2025-07-15,0.90369,0.83139,0.62225
2025-07-16,1.14898,0.87012,0.65582
2025-07-17,1.02504,0.88561,0.64291
2025-07-18,0.96307,0.73844,0.50864
2025-07-19,1.02246,0.92693,0.53963
2025-07-20,0.89336,0.76426,0.50864
2025-07-21,0.92434,0.82365,0.59127
2025-07-22,0.90369,0.73844,0.47766
2025-07-23,0.75651,0.78233,0.49573
2025-07-24,0.81848,0.82623,0.69713
2025-07-25,0.71262,0.8443,0.61709
2025-07-26,0.85721,0.88561,0.46991
2025-07-27,0.80557,0.78492,0.56287
2025-07-28,0.82106,0.8159,0.54479
2025-07-29,0.87529,0.76168,0.59385
2025-07-30,0.92693,0.91143,0.60934
2025-07-31,0.88561,1.00438,0.58869
2025-08-01,0.89852,0.97856,0.57578
2025-08-02,0.88045,0.92434,0.45959
2025-08-03,1.11799,1.07152,0.64033
2025-08-04,1.11025,1.18254,0.60934
2025-08-05,1.12057,1.25225,0.69197
2025-08-06,1.22643,1.14381,0.75393
2025-08-07,1.14898,1.09992,0.66356
2025-08-08,1.30648,1.1593,0.68422
2025-08-09,1.38394,1.41492,0.73844
2025-08-10,1.5182,1.43816,0.67131
2025-08-11,1.92099,1.38394,0.88561
2025-08-12,1.79705,1.38135,0.83397
2025-08-13,1.72992,1.40459,0.84172
2025-08-14,1.64988,1.24193,0.83397
2025-08-15,1.68344,1.37619,0.65065
2025-08-16,1.79189,1.52336,0.63774
2025-08-17,1.84353,1.63439,0.79008
2025-08-18,1.63697,1.30906,0.84688
2025-08-19,1.6189,1.4459,0.95533
2025-08-20,1.65246,1.62922,0.78233
2025-08-21,1.74541,1.6757,0.84688
2025-08-22,1.57758,1.52078,0.86754
2025-08-23,1.90808,1.68603,0.66873
2025-08-24,2.34443,1.87193,0.90885
2025-08-25,2.0191,1.69894,0.88561
2025-08-26,2.01394,1.69894,0.91918
2025-08-27,2.1482,1.78414,1.05086
2025-08-28,2.14304,1.81771,0.94242
2025-08-29,1.97263,1.81513,0.86238
2025-08-30,2.33927,1.92099,0.85205
2025-08-31,2.8789,2.2489,0.91402
2025-09-01,2.9357,2.07591,1.06377
2025-09-02,2.95894,2.25923,1.14639
2025-09-03,3.04931,2.21275,1.19803
2025-09-04,3.46759,2.61296,1.16189
2025-09-05,3.0364,2.26697,1.00697
2025-09-06,3.54247,2.62328,1.02504
2025-09-07,4.19829,3.13193,1.18512
2025-09-08,4.70952,3.20681,1.47947
2025-09-09,6.41105,4.1828,1.84095
2025-09-10,6.99199,4.23444,1.93648
2025-09-11,6.38781,4.15956,1.72217
2025-09-12,6.17092,4.5546,1.76607
2025-09-13,6.76994,5.0142,1.60857
2025-09-14,7.14433,5.64936,1.64471
2025-09-15,5.39633,4.41776,1.56209
2025-09-16,5.72682,4.56751,1.55693
2025-09-17,6.61502,4.77924,1.8616
2025-09-18,7.69429,5.48928,2.36509
2025-09-19,9.80893,6.47818,2.83242
2025-09-20,10.42086,7.34056,2.67492
2025-09-21,10.47766,7.91892,2.75497
2025-09-22,11.0741,7.72527,3.36948
2025-09-23,9.63594,7.27084,3.05447
2025-09-24,8.15646,6.90162,2.8221
2025-09-25,7.25793,6.52207,2.44255
2025-09-26,6.50142,5.54608,2.01652
2025-09-27,6.72863,6.00568,2.00361
2025-09-28,8.29589,7.73818,2.70591
2025-09-29,7.80015,6.44203,2.81951
2025-09-30,8.07642,6.41105,3.008
2025-10-01,7.33798,6.33359,2.83501
2025-10-02,5.68293,5.37051,2.39865
2025-10-03,6.92228,6.89646,2.5923
2025-10-04,5.75522,6.47301,2.47095
2025-10-05,5.50219,6.0315,2.17144
2025-10-06,6.65117,6.61502,2.83501
2025-10-07,7.19597,6.98166,2.95894
2025-10-08,6.83191,6.76736,2.79628
2025-10-09,7.79499,7.17015,3.15001
2025-10-10,7.94732,6.76994,3.90653
2025-10-11,7.71236,7.46449,3.24038
2025-10-12,8.63671,8.42499,4.50038
2025-10-13,11.58533,9.20475,7.38445
2025-10-14,12.0914,9.54815,9.00593
2025-10-15,10.03098,8.56958,6.7751
2025-10-16,8.8381,8.20552,5.95662
2025-10-17,7.81048,7.31474,5.68035
2025-10-18,9.80118,9.50684,8.48696
2025-10-19,13.15775,11.31164,15.08649
2025-10-20,20.19881,14.3403,38.11515
2025-10-21,19.26155,14.00981,38.08417
2025-10-22,15.73457,12.86341,28.35528
2025-10-23,11.66021,10.25819,19.00593
2025-10-24,9.96127,9.11179,15.4428
2025-10-25,9.83733,9.79085,14.87735
2025-10-26,12.74464,12.68009,21.58791
2025-10-27,15.99018,13.0364,38.89233
2025-10-28,13.79808,12.47353,36.42912
2025-10-29,11.72217,11.36586,27.04363
2025-10-30,9.51717,9.72372,20.57578
2025-10-31,7.59101,8.3088,15.86625
2025-11-01,8.63413,9.59979,16.96359
2025-11-02,10.30209,12.38574,24.14923
2025-11-03,10.31241,11.85902,25.18461
2025-11-04,9.36741,10.2995,19.37516
2025-11-05,7.7924,10.08004,17.56519
2025-11-06,7.11076,8.68319,14.50038
2025-11-07,6.22514,7.86212,11.91324
2025-11-08,6.41363,8.69093,12.24632
2025-11-09,7.27601,10.11618,13.4237
2025-11-10,7.32507,9.23573,15.21559
2025-11-11,7.13916,8.95429,15.23625
2025-11-12,6.82933,9.197,15.00387
2025-11-13,6.42396,8.87942,13.35915
2025-11-14,5.85592,8.34237,12.93829
2025-11-15,5.87399,8.94138,12.22308
2025-11-16,6.65375,10.65582,13.49341
2025-11-17,7.09269,10.2995,18.52569
2025-11-18,6.74928,9.54557,18.68835
2025-11-19,5.86367,9.15311,15.6003
2025-11-20,5.1562,8.31655,12.39091
2025-11-21,4.39452,7.33281,10.41569
2025-11-22,4.48747,7.62458,10.32016
2025-11-23,5.11231,8.24683,11.26
2025-11-24,4.5701,7.64781,10.05422
2025-11-25,5.14846,7.65814,11.1025
2025-11-26,4.83088,7.42576,10.65582
2025-11-27,4.87477,7.43867,10.55254
2025-11-28,3.96591,6.82416,9.39581
2025-11-29,4.36096,7.60392,9.3261
2025-11-30,4.92899,8.77872,9.63335
2025-12-01,4.80764,8.01187,9.29253
2025-12-02,5.071,8.23134,11.11541
2025-12-03,5.85076,8.98528,12.66718
2025-12-04,5.14588,7.65556,11.20061
2025-12-05,4.33772,6.62793,10.40278
2025-12-06,4.53911,6.88097,9.05241
2025-12-07,4.93415,7.83372,9.33901
2025-12-08,4.65272,6.94293,9.23573
2025-12-09,4.60883,6.88097,8.90782
2025-12-10,3.95817,6.67183,8.10224
2025-12-11,4.09243,6.15027,7.45675
2025-12-12,3.96849,5.73199,7.0772
2025-12-13,3.85489,6.63051,7.11851
2025-12-14,4.31706,7.22437,7.37154
2025-12-15,4.06403,6.62535,8.07384
2025-12-16,3.82907,6.13994,7.22953
2025-12-17,3.39271,5.83268,6.39555
2025-12-18,2.95378,5.42731,5.93338
2025-12-19,2.65169,4.7121,5.34985
2025-12-20,2.78079,5.31112,5.63903
2025-12-21,3.62251,6.27678,6.10637
2025-12-22,3.06222,5.40149,5.99018
2025-12-23,2.95894,4.92383,5.17428
2025-12-24,2.52259,4.5546,4.55977
2025-12-25,2.98734,5.92305,6.13477
2025-12-26,2.72915,4.69145,6.016
2025-12-27,2.95636,5.09424,5.36276
2025-12-28,3.03382,5.79654,5.46862
2025-12-29,2.5923,4.73792,5.19493
2025-12-30,2.67751,4.45907,4.58042
2025-12-31,2.31861,3.78259,4.39194
2026-01-01,2.94603,4.94706,5.0994
2026-01-02,2.92279,4.64239,5.03485
2026-01-03,2.93829,5.18202,5.08133
2026-01-04,3.47017,5.34727,5.47637
2026-01-05,3.34624,4.8412,4.96514
2026-01-06,3.1371,4.67079,5.11747
2026-01-07,3.02349,4.89026,5.01936
2026-01-08,3.00284,4.77924,5.31629
2026-01-09,2.88665,4.3971,4.58042
2026-01-10,3.02091,4.88768,5.18202
2026-01-11,3.70772,5.58223,5.41182
2026-01-12,3.4521,4.98321,5.17944
2026-01-13,3.2378,4.76891,4.96256
2026-01-14,3.21714,5.00645,4.47714
2026-01-15,2.9073,4.45391,4.05628
2026-01-16,2.64394,4.04337,3.54505
2026-01-17,2.74464,4.36096,3.80583
2026-01-18,3.21714,4.80247,4.32997
2026-01-19,2.89956,4.50296,4.42292
2026-01-20,3.07771,4.84895,4.59333
2026-01-21,3.02607,4.36354,4.48747
2026-01-22,3.05964,4.54169,4.39194
2026-01-23,2.63361,4.05886,3.92202
2026-01-24,2.89697,4.37903,4.08727
2026-01-25,3.19648,4.96772,4.16989
2026-01-26,2.87374,4.52362,4.07177
2026-01-27,3.07513,4.53911,4.00206
2026-01-28,3.11644,4.63981,3.84198
2026-01-29,3.22747,4.44616,3.49599
2026-01-30,3.14743,3.75419,3.47276
2026-01-31,3.19907,4.20087,3.65091
2026-02-01,3.72321,5.23108,4.05112
2026-02-02,3.09579,4.67596,3.59153
2026-02-03,3.09062,5.31887,3.48567
2026-02-04,2.94345,5.13038,3.37464
2026-02-05,3.08288,4.6269,3.07255
2026-02-06,2.8221,4.55977,3.07513
2026-02-07,3.14226,4.73276,3.18099
2026-02-08,3.74386,5.89723,3.74386
2026-02-09,3.36948,4.63465,3.24296
2026-02-10,3.44435,5.13038,3.08029
2026-02-11,2.97702,4.59333,3.03124
2026-02-12,3.02091,4.15956,2.8789
2026-02-13,2.73947,3.72837,2.7498
2026-02-14,3.24554,4.16214,2.88923
2026-02-15,3.7671,4.51071,2.79369
2026-02-16,3.19648,4.13891,2.5355
2026-02-17,3.86522,4.14407,2.48644
2026-02-18,4.58559,4.80247,3.04673
2026-02-19,4.04337,4.37645,2.87115
2026-02-20,4.19054,4.13632,3.07255
2026-02-21,4.96772,4.84637,3.3953
2026-02-22,6.0883,5.29821,3.52181
2026-02-23,5.06584,4.78182,2.99251
2026-02-24,4.47456,4.3687,2.86341
2026-02-25,4.70952,4.44358,2.91505
2026-02-26,5.03227,4.43583,3.15775
2026-02-27,4.61399,4.04079,3.27394
2026-02-28,5.69067,5.01161,3.22747
2026-03-01,6.26129,5.03227,3.59153
2026-03-02,6.29227,4.93674,3.95042
2026-03-03,5.62096,4.25509,3.92202
2026-03-04,5.57449,4.30415,3.72837
2026-03-05,5.87141,4.27059,3.63026
2026-03-06,5.06067,4.12341,3.57345
2026-03-07,5.70875,4.63206,3.58378
2026-03-08,6.65117,5.57965,3.66899
2026-03-09,5.6158,4.67596,3.59153
2026-03-10,5.33953,4.5262,3.44694
2026-03-11,5.59772,4.67854,3.57603
2026-03-12,5.86883,4.60366,3.64058
2026-03-13,5.83526,3.97624,3.46501
2026-03-14,7.68912,4.54944,3.8239
2026-03-15,8.03253,5.08907,3.67415
2026-03-16,7.25277,4.07177,3.80841
2026-03-17,8.42241,4.62432,3.32816
2026-03-18,7.00232,3.91427,3.21972
2026-03-19,6.7183,3.91686,3.25587
2026-03-20,6.28195,3.52956,2.89697
2026-03-21,7.62974,4.20345,2.89439
2026-03-22,8.69093,4.95739,2.7782
2026-03-23,7.98347,4.02788,2.87374
2026-03-24,7.68138,4.02788,2.39091
2026-03-25,8.02478,3.80067,2.25923
2026-03-26,7.05138,3.53472,1.87709
2026-03-27,6.15543,2.9796,1.47947
2026-03-28,6.99715,3.58636,1.61631
2026-03-29,7.35347,3.81099,1.51562
2026-03-30,7.11593,3.29976,1.50787
2026-03-31,6.74154,3.04673,1.46139
2026-04-01,6.37748,2.91505,1.28324
2026-04-02,5.83268,3.33591,1.39168
2026-04-03,5.29821,2.96927,1.23418
2026-04-04,6.17867,3.17066,1.12316
2026-04-05,6.73896,3.50116,1.24967
2026-04-06,6.11154,3.05447,1.58275
2026-04-07,5.79137,3.34107,2.13013
2026-04-08,5.63903,2.94087,1.69119
2026-04-09,5.61838,2.90472,1.69119
2026-04-10,5.04002,2.89697,1.8048
2026-04-11,5.75006,3.03898,1.39168
2026-04-12,6.10637,3.02091,1.24193
2026-04-13,5.32145,2.53033,1.02246
2026-04-14,4.40227,2.34959,0.945
2026-04-15,4.31448,2.01136,0.80815
2026-04-16,3.88071,1.71443,0.80299
2026-04-17,3.65866,1.62922,0.67647
2026-04-18,3.54247,1.6757,0.64807
2026-04-19,3.35657,1.54402,0.53188
2026-04-20,3.28169,1.63697,0.86754
2026-04-21,3.20939,1.56984,1.02762
2026-04-22,3.55021,1.55435,0.96049
2026-04-23,3.57603,1.47947,0.78492
2026-04-24,2.90988,1.12832,0.67906
2026-04-25,2.92279,1.22643,0.59385
2026-04-26,2.9512,1.05344,0.59643
2026-04-27,2.89439,0.89852,0.66356
2026-04-28,3.07513,1.08959,0.82365
2026-04-29,2.79369,1.00697,0.78233
2026-04-30,2.33927,0.99664,0.71004
2026-05-01,2.70849,1.09217,0.64807
2026-05-02,2.94087,1.11541,0.52672
2026-05-03,3.32042,1.30131,0.6868
2026-05-04,3.1939,1.16963,0.75135
2026-05-05,3.38239,1.19545,0.64033
2026-05-06,2.9073,1.10508,0.72037
2026-05-07,2.80919,1.08443,0.77975
2026-05-08,2.56906,1.05602,0.66615
2026-05-09,2.6491,0.96565,0.55512
2026-05-10,2.64394,1.05086,0.71778
2026-05-11,2.62845,0.98631,0.6584
2026-05-12,2.57423,0.92951,0.65582
2026-05-13,2.24373,0.97856,0.62742
2026-05-14,1.92357,0.72295,0.60418
2026-05-15,1.61373,0.58094,0.59127
2026-05-16,1.72992,0.63774,0.33307
2026-05-17,1.82029,0.63258,0.43635
2026-05-18,1.62664,0.64291,0.54479
2026-05-19,1.58275,0.66873,0.56028
2026-05-20,2.04234,0.69971,0.53705
2026-05-21,2.00877,0.63258,0.48799
2026-05-22,1.74025,0.67131,0.5293
2026-05-23,2.09398,0.69971,0.41828
2026-05-24,1.97521,0.72553,0.40795
2026-05-25,1.9339,0.68164,0.36147
2026-05-26,1.72217,0.59385,0.45959
2026-05-27,1.60857,0.51381,0.47766
2026-05-28,1.77123,0.50864,0.50864
2026-05-29,1.54918,0.62483,0.57319
2026-05-30,1.45365,0.49315,0.43377
2026-05-31,1.4459,0.62225,0.4002
2026-06-01,1.32971,0.69455,0.52672
2026-06-02,1.42783,0.91143,0.46991
2026-06-03,1.42783,0.56545,0.42344
2026-06-04,1.39684,0.52672,0.50606
2026-06-05,1.17479,0.51381,0.45442
2026-06-06,1.36844,0.43119,0.37955
2026-06-07,1.67828,0.5009,0.36922
2026-06-08,1.88742,0.5577,0.48799
2026-06-09,1.74541,0.48799,0.51639
2026-06-10,1.68344,0.47766,0.52414
2026-06-11,1.72992,0.57578,0.46733
2026-06-12,1.62406,0.51381,0.35373
2026-06-13,1.72734,0.50606,0.34082
2026-06-14,1.75832,0.48541,0.42344
2026-06-15,1.57242,0.49315,0.41828
2026-06-16,1.4898,0.43893,0.49057
2026-06-17,1.50787,0.52672,0.53446
2026-06-18,1.50529,0.45184,0.44151
2026-06-19,1.54144,0.45959,0.38213
2026-06-20,1.49754,0.60418,0.31758
2026-06-21,1.6473,0.53705,0.36664
2026-06-22,1.58017,0.48282,0.49315
2026-06-23,1.63697,0.48282,0.44926
2026-06-24,1.75832,0.48024,0.49573
2026-06-25,1.70926,0.43377,0.36922
2026-06-26,1.35553,0.41828,0.41311
2026-06-27,1.43816,0.59901,0.3434
2026-06-28,1.59824,0.50348,0.29434
2026-06-29,1.34262,0.44668,0.4002
2026-06-30,1.35553,0.42344,0.49057
2026-07-01,1.33746,0.51897,0.46475
2026-07-02,1.46139,0.62225,0.45442
2026-07-03,1.38135,0.59643,0.5009
2026-07-04,1.30131,0.64807,0.31241
2026-07-05,1.69377,0.57319,0.38729
2026-07-06,1.30389,0.60934,0.5293
2026-07-07,1.38135,0.45184,0.51381
2026-07-08,1.53369,0.52672,0.47508
2026-07-09,1.63955,0.5577,0.51639
2026-07-10,1.48205,0.51897,0.46991
2026-07-11,1.30131,0.52414,0.40537
2026-07-12,1.3168,0.48799,0.43635
2026-07-13,1.30389,0.46991,0.49832
2026-07-14,1.35037,0.5293,0.42344
2026-07-15,1.34521,0.57836,0.43119
2026-07-16,1.18254,0.58094,0.46217
2026-07-17,1.13348,0.61451,0.43893
2026-07-18,1.09734,0.46991,0.43377
2026-07-19,1.23934,0.54996,0.45701
2026-07-20,0.9166,0.61192,0.51381
2026-07-21,0.93209,0.59901,0.47766
2026-07-22,0.94242,0.69971,0.6016
2026-07-23,0.95791,0.74102,0.49832
2026-07-24,0.80041,0.60934,0.53188
2026-07-25,0.8159,0.61451,0.45701
2026-07-26,0.94758,0.62225,0.40278
2026-07-27,0.92951,0.76168,0.53705
2026-07-28,0.8727,0.71262,0.53188
2026-07-29,0.86754,0.78492,0.55512
2026-07-30,0.92951,0.70487,0.53188
2026-07-31,0.82365,0.66615,0.51123
2026-08-01,0.82623,0.67131,0.39762
2026-08-02,0.85979,0.63,0.44926
2026-08-03,0.88561,0.75135,0.57061
2026-08-04,0.94242,0.68938,0.52414
2026-08-05,0.89594,0.82365,0.61709
2026-08-06,0.945,0.97082,0.59901
2026-08-07,0.98373,0.93725,0.49573
2026-08-08,0.99664,0.82881,0.53188
2026-08-09,1.27033,0.9734,0.57836
2026-08-10,1.33488,1.06893,0.71262
2026-08-11,1.6473,1.17738,0.65582
2026-08-12,1.7041,1.21611,0.77975
2026-08-13,1.47172,1.06377,0.66873
2026-08-14,1.44332,0.9734,0.78233
2026-08-15,1.62922,1.01471,0.67647
2026-08-16,1.99328,1.24709,0.76684
2026-08-17,2.2773,1.29098,0.86496
2026-08-18,1.85644,1.2032,0.86754
2026-08-19,1.92615,1.12057,0.91402
2026-08-20,2.05009,1.2032,0.90885
2026-08-21,1.80222,1.23676,0.90111
2026-08-22,2.28246,1.34521,0.85463
2026-08-23,2.40123,1.63439,0.86496
2026-08-24,1.95972,1.36328,0.97856
2026-08-25,1.98295,1.33746,0.88303
2026-08-26,2.00361,1.21869,0.88303
2026-08-27,2.12496,1.32197,0.89078
2026-08-28,1.98295,1.34262,1.02504
2026-08-29,2.55099,1.50787,1.04311
2026-08-30,2.71882,1.60857,0.90627
2026-08-31,2.65427,1.61373,1.19029
2026-09-01,2.91247,1.71185,1.17221
2026-09-02,3.23521,1.72476,1.33488
2026-09-03,3.24812,1.74025,1.46139
2026-09-04,3.61993,1.79963,1.43299
2026-09-05,4.24993,2.10431,1.36586
2026-09-06,5.16395,2.74464,1.56984
